"transcript","detected_language","segments/0/end","segments/0/speaker","segments/0/start","segments/0/text","segments/1/end","segments/1/speaker","segments/1/start","segments/1/text","segments/2/end","segments/2/speaker","segments/2/start","segments/2/text","segments/3/end","segments/3/speaker","segments/3/start","segments/3/text","segments/4/end","segments/4/speaker","segments/4/start","segments/4/text","segments/5/end","segments/5/speaker","segments/5/start","segments/5/text","segments/6/end","segments/6/speaker","segments/6/start","segments/6/text","segments/7/end","segments/7/speaker","segments/7/start","segments/7/text","segments/8/end","segments/8/speaker","segments/8/start","segments/8/text","segments/9/end","segments/9/speaker","segments/9/start","segments/9/text","segments/10/end","segments/10/speaker","segments/10/start","segments/10/text","segments/11/end","segments/11/speaker","segments/11/start","segments/11/text","segments/12/end","segments/12/speaker","segments/12/start","segments/12/text","segments/13/end","segments/13/speaker","segments/13/start","segments/13/text","segments/14/end","segments/14/speaker","segments/14/start","segments/14/text","words/0/end","words/0/speaker","words/0/start","words/0/word","words/1/end","words/1/speaker","words/1/start","words/1/word","words/2/end","words/2/speaker","words/2/start","words/2/word","words/3/end","words/3/speaker","words/3/start","words/3/word","words/4/end","words/4/speaker","words/4/start","words/4/word","words/5/end","words/5/speaker","words/5/start","words/5/word","words/6/end","words/6/speaker","words/6/start","words/6/word","words/7/end","words/7/speaker","words/7/start","words/7/word","words/8/end","words/8/speaker","words/8/start","words/8/word","words/9/end","words/9/speaker","words/9/start","words/9/word","words/10/end","words/10/speaker","words/10/start","words/10/word","words/11/end","words/11/speaker","words/11/start","words/11/word","words/12/end","words/12/speaker","words/12/start","words/12/word","words/13/end","words/13/speaker","words/13/start","words/13/word","words/14/end","words/14/speaker","words/14/start","words/14/word","words/15/end","words/15/speaker","words/15/start","words/15/word","words/16/end","words/16/speaker","words/16/start","words/16/word","words/17/end","words/17/speaker","words/17/start","words/17/word","words/18/end","words/18/speaker","words/18/start","words/18/word","words/19/end","words/19/speaker","words/19/start","words/19/word","words/20/end","words/20/speaker","words/20/start","words/20/word","words/21/end","words/21/speaker","words/21/start","words/21/word","words/22/end","words/22/speaker","words/22/start","words/22/word","words/23/end","words/23/speaker","words/23/start","words/23/word","words/24/end","words/24/speaker","words/24/start","words/24/word","words/25/end","words/25/speaker","words/25/start","words/25/word","words/26/end","words/26/speaker","words/26/start","words/26/word","words/27/end","words/27/speaker","words/27/start","words/27/word","words/28/end","words/28/speaker","words/28/start","words/28/word","words/29/end","words/29/speaker","words/29/start","words/29/word","words/30/end","words/30/speaker","words/30/start","words/30/word","words/31/end","words/31/speaker","words/31/start","words/31/word","words/32/end","words/32/speaker","words/32/start","words/32/word","words/33/end","words/33/speaker","words/33/start","words/33/word","words/34/end","words/34/speaker","words/34/start","words/34/word","words/35/end","words/35/speaker","words/35/start","words/35/word","words/36/end","words/36/speaker","words/36/start","words/36/word","words/37/end","words/37/speaker","words/37/start","words/37/word","words/38/end","words/38/speaker","words/38/start","words/38/word","words/39/end","words/39/speaker","words/39/start","words/39/word","words/40/end","words/40/speaker","words/40/start","words/40/word","words/41/end","words/41/speaker","words/41/start","words/41/word","words/42/end","words/42/speaker","words/42/start","words/42/word","words/43/end","words/43/speaker","words/43/start","words/43/word","words/44/end","words/44/speaker","words/44/start","words/44/word","words/45/end","words/45/speaker","words/45/start","words/45/word","words/46/end","words/46/speaker","words/46/start","words/46/word","words/47/end","words/47/speaker","words/47/start","words/47/word","words/48/end","words/48/speaker","words/48/start","words/48/word","words/49/end","words/49/speaker","words/49/start","words/49/word","words/50/end","words/50/speaker","words/50/start","words/50/word","words/51/end","words/51/speaker","words/51/start","words/51/word","words/52/end","words/52/speaker","words/52/start","words/52/word","words/53/end","words/53/speaker","words/53/start","words/53/word","words/54/end","words/54/speaker","words/54/start","words/54/word","words/55/end","words/55/speaker","words/55/start","words/55/word","words/56/end","words/56/speaker","words/56/start","words/56/word","words/57/end","words/57/speaker","words/57/start","words/57/word","words/58/end","words/58/speaker","words/58/start","words/58/word","words/59/end","words/59/speaker","words/59/start","words/59/word","words/60/end","words/60/speaker","words/60/start","words/60/word","words/61/end","words/61/speaker","words/61/start","words/61/word","words/62/end","words/62/speaker","words/62/start","words/62/word","words/63/end","words/63/speaker","words/63/start","words/63/word","words/64/end","words/64/speaker","words/64/start","words/64/word","words/65/end","words/65/speaker","words/65/start","words/65/word","words/66/end","words/66/speaker","words/66/start","words/66/word","words/67/end","words/67/speaker","words/67/start","words/67/word","words/68/end","words/68/speaker","words/68/start","words/68/word","words/69/end","words/69/speaker","words/69/start","words/69/word","words/70/end","words/70/speaker","words/70/start","words/70/word","words/71/end","words/71/speaker","words/71/start","words/71/word","words/72/end","words/72/speaker","words/72/start","words/72/word","words/73/end","words/73/speaker","words/73/start","words/73/word","words/74/end","words/74/speaker","words/74/start","words/74/word","words/75/end","words/75/speaker","words/75/start","words/75/word","words/76/end","words/76/speaker","words/76/start","words/76/word","words/77/end","words/77/speaker","words/77/start","words/77/word","words/78/end","words/78/speaker","words/78/start","words/78/word","words/79/end","words/79/speaker","words/79/start","words/79/word","words/80/end","words/80/speaker","words/80/start","words/80/word","words/81/end","words/81/speaker","words/81/start","words/81/word","words/82/end","words/82/speaker","words/82/start","words/82/word","words/83/end","words/83/speaker","words/83/start","words/83/word","words/84/end","words/84/speaker","words/84/start","words/84/word","words/85/end","words/85/speaker","words/85/start","words/85/word","words/86/end","words/86/speaker","words/86/start","words/86/word","words/87/end","words/87/speaker","words/87/start","words/87/word","words/88/end","words/88/speaker","words/88/start","words/88/word","words/89/end","words/89/speaker","words/89/start","words/89/word","words/90/end","words/90/speaker","words/90/start","words/90/word","words/91/end","words/91/speaker","words/91/start","words/91/word","words/92/end","words/92/speaker","words/92/start","words/92/word","words/93/end","words/93/speaker","words/93/start","words/93/word","words/94/end","words/94/speaker","words/94/start","words/94/word","words/95/end","words/95/speaker","words/95/start","words/95/word","words/96/end","words/96/speaker","words/96/start","words/96/word","words/97/end","words/97/speaker","words/97/start","words/97/word","words/98/end","words/98/speaker","words/98/start","words/98/word","words/99/end","words/99/speaker","words/99/start","words/99/word","words/100/end","words/100/speaker","words/100/start","words/100/word","words/101/end","words/101/speaker","words/101/start","words/101/word","words/102/end","words/102/speaker","words/102/start","words/102/word","words/103/end","words/103/speaker","words/103/start","words/103/word","words/104/end","words/104/speaker","words/104/start","words/104/word","words/105/end","words/105/speaker","words/105/start","words/105/word","words/106/end","words/106/speaker","words/106/start","words/106/word","words/107/end","words/107/speaker","words/107/start","words/107/word","words/108/end","words/108/speaker","words/108/start","words/108/word","words/109/end","words/109/speaker","words/109/start","words/109/word","words/110/end","words/110/speaker","words/110/start","words/110/word","words/111/end","words/111/speaker","words/111/start","words/111/word","words/112/end","words/112/speaker","words/112/start","words/112/word","words/113/end","words/113/speaker","words/113/start","words/113/word","words/114/end","words/114/speaker","words/114/start","words/114/word","words/115/end","words/115/speaker","words/115/start","words/115/word","words/116/end","words/116/speaker","words/116/start","words/116/word","words/117/end","words/117/speaker","words/117/start","words/117/word","words/118/end","words/118/speaker","words/118/start","words/118/word","words/119/end","words/119/speaker","words/119/start","words/119/word","words/120/end","words/120/speaker","words/120/start","words/120/word","words/121/end","words/121/speaker","words/121/start","words/121/word","words/122/end","words/122/speaker","words/122/start","words/122/word","words/123/end","words/123/speaker","words/123/start","words/123/word","words/124/end","words/124/speaker","words/124/start","words/124/word","words/125/end","words/125/speaker","words/125/start","words/125/word","words/126/end","words/126/speaker","words/126/start","words/126/word","words/127/end","words/127/speaker","words/127/start","words/127/word","words/128/end","words/128/speaker","words/128/start","words/128/word","words/129/end","words/129/speaker","words/129/start","words/129/word","words/130/end","words/130/speaker","words/130/start","words/130/word","words/131/end","words/131/speaker","words/131/start","words/131/word","words/132/end","words/132/speaker","words/132/start","words/132/word","words/133/end","words/133/speaker","words/133/start","words/133/word","words/134/end","words/134/speaker","words/134/start","words/134/word","words/135/end","words/135/speaker","words/135/start","words/135/word","words/136/end","words/136/speaker","words/136/start","words/136/word","words/137/end","words/137/speaker","words/137/start","words/137/word","words/138/end","words/138/speaker","words/138/start","words/138/word","words/139/end","words/139/speaker","words/139/start","words/139/word","words/140/end","words/140/speaker","words/140/start","words/140/word","words/141/end","words/141/speaker","words/141/start","words/141/word","words/142/end","words/142/speaker","words/142/start","words/142/word","words/143/end","words/143/speaker","words/143/start","words/143/word","words/144/end","words/144/speaker","words/144/start","words/144/word","words/145/end","words/145/speaker","words/145/start","words/145/word","words/146/end","words/146/speaker","words/146/start","words/146/word","words/147/end","words/147/speaker","words/147/start","words/147/word","words/148/end","words/148/speaker","words/148/start","words/148/word","words/149/end","words/149/speaker","words/149/start","words/149/word","words/150/end","words/150/speaker","words/150/start","words/150/word","words/151/end","words/151/speaker","words/151/start","words/151/word","words/152/end","words/152/speaker","words/152/start","words/152/word","words/153/end","words/153/speaker","words/153/start","words/153/word","words/154/end","words/154/speaker","words/154/start","words/154/word","words/155/end","words/155/speaker","words/155/start","words/155/word","words/156/end","words/156/speaker","words/156/start","words/156/word","words/157/end","words/157/speaker","words/157/start","words/157/word","words/158/end","words/158/speaker","words/158/start","words/158/word","words/159/end","words/159/speaker","words/159/start","words/159/word","words/160/end","words/160/speaker","words/160/start","words/160/word","words/161/end","words/161/speaker","words/161/start","words/161/word","words/162/end","words/162/speaker","words/162/start","words/162/word","words/163/end","words/163/speaker","words/163/start","words/163/word","words/164/end","words/164/speaker","words/164/start","words/164/word","words/165/end","words/165/speaker","words/165/start","words/165/word","words/166/end","words/166/speaker","words/166/start","words/166/word","words/167/end","words/167/speaker","words/167/start","words/167/word","words/168/end","words/168/speaker","words/168/start","words/168/word","words/169/end","words/169/speaker","words/169/start","words/169/word","words/170/end","words/170/speaker","words/170/start","words/170/word","words/171/end","words/171/speaker","words/171/start","words/171/word","words/172/end","words/172/speaker","words/172/start","words/172/word","words/173/end","words/173/speaker","words/173/start","words/173/word","words/174/end","words/174/speaker","words/174/start","words/174/word","words/175/end","words/175/speaker","words/175/start","words/175/word","words/176/end","words/176/speaker","words/176/start","words/176/word","words/177/end","words/177/speaker","words/177/start","words/177/word","words/178/end","words/178/speaker","words/178/start","words/178/word","words/179/end","words/179/speaker","words/179/start","words/179/word","words/180/end","words/180/speaker","words/180/start","words/180/word","words/181/end","words/181/speaker","words/181/start","words/181/word","words/182/end","words/182/speaker","words/182/start","words/182/word","words/183/end","words/183/speaker","words/183/start","words/183/word","words/184/end","words/184/speaker","words/184/start","words/184/word","words/185/end","words/185/speaker","words/185/start","words/185/word","words/186/end","words/186/speaker","words/186/start","words/186/word","words/187/end","words/187/speaker","words/187/start","words/187/word","words/188/end","words/188/speaker","words/188/start","words/188/word","words/189/end","words/189/speaker","words/189/start","words/189/word","words/190/end","words/190/speaker","words/190/start","words/190/word","words/191/end","words/191/speaker","words/191/start","words/191/word","words/192/end","words/192/speaker","words/192/start","words/192/word","words/193/end","words/193/speaker","words/193/start","words/193/word","words/194/end","words/194/speaker","words/194/start","words/194/word","words/195/end","words/195/speaker","words/195/start","words/195/word","words/196/end","words/196/speaker","words/196/start","words/196/word","words/197/end","words/197/speaker","words/197/start","words/197/word","words/198/end","words/198/speaker","words/198/start","words/198/word","words/199/end","words/199/speaker","words/199/start","words/199/word","words/200/end","words/200/speaker","words/200/start","words/200/word","words/201/end","words/201/speaker","words/201/start","words/201/word","words/202/end","words/202/speaker","words/202/start","words/202/word","words/203/end","words/203/speaker","words/203/start","words/203/word","words/204/end","words/204/speaker","words/204/start","words/204/word","words/205/end","words/205/speaker","words/205/start","words/205/word","words/206/end","words/206/speaker","words/206/start","words/206/word","words/207/end","words/207/speaker","words/207/start","words/207/word","words/208/end","words/208/speaker","words/208/start","words/208/word","words/209/end","words/209/speaker","words/209/start","words/209/word","words/210/end","words/210/speaker","words/210/start","words/210/word","words/211/end","words/211/speaker","words/211/start","words/211/word","words/212/end","words/212/speaker","words/212/start","words/212/word","words/213/end","words/213/speaker","words/213/start","words/213/word","words/214/end","words/214/speaker","words/214/start","words/214/word","words/215/end","words/215/speaker","words/215/start","words/215/word","words/216/end","words/216/speaker","words/216/start","words/216/word","words/217/end","words/217/speaker","words/217/start","words/217/word","words/218/end","words/218/speaker","words/218/start","words/218/word","words/219/end","words/219/speaker","words/219/start","words/219/word","words/220/end","words/220/speaker","words/220/start","words/220/word","words/221/end","words/221/speaker","words/221/start","words/221/word","words/222/end","words/222/speaker","words/222/start","words/222/word","words/223/end","words/223/speaker","words/223/start","words/223/word","words/224/end","words/224/speaker","words/224/start","words/224/word","words/225/end","words/225/speaker","words/225/start","words/225/word","words/226/end","words/226/speaker","words/226/start","words/226/word","words/227/end","words/227/speaker","words/227/start","words/227/word","displayUrl","instagramUrl","caption","hashtags","ownerUsername","ownerFullName","likesCount","videoViewCount","videoPlayCount","commentsCount","reshareCount","videoDuration","timestamp","shortCode","musicArtist","musicSong","usesOriginalAudio","locationName","mentions","firstComment","id","type","productType","isSponsored","isCommentsDisabled","isVerified","dimensionsHeight","dimensionsWidth","processedAt","status","error","retryAdvice","videoUrl","rawInput/bulkUrls/0/url","rawInput/bulkUrls/1/url","rawInput/bulkUrls/2/url","rawInput/bulkUrls/3/url","rawInput/bulkUrls/4/url","rawInput/fastProcessing","rawInput/instagramUrl","rawInput/reelCount","rawInput/wordLevelTimestamps"
"अगर आप एक business चलाते हो लेकिन आपके पास अपने business का कोई valid proof नहीं है या कहो कोई government का certificate ही नहीं है तो आज ही अपने business का उद्यम registration करा लो बड़ा easy है जी और 5 मिनिट के अंदर अंदर आपको अपने धन्दे का उद्यम registration number मिल जाएगा अब इसके कई सारे benefits हैं जो Go to udhyamregistration.gov.in, New Entrepreneur Registration, Aadhaar Details and OTP. फिर type of organization ढंग से देख लेना and basic details डालो form के अंदर. फिर इस section में business का नाम, फिर अगर कई सारे branches हैं तो आपको नीचे add करनी पड़ेगी. फिर दोनों sections में address डालो and longitudinal and latitudinal details में आपको अपने map की location को pin करना है. फिर organization का status, business चालू नहीं हुआ है तो no और चालू हो गया है तो किस date को चालू आता वो date डालो फिर bank details, category चुनो फिर यहाँ पे section 18 में आपको NIC code select करना है जो यहाँ पे आपको उपर मिल जाएगा और इससे भी ज़्यादा अच्छा option है कि नीचे 3 sub categories दे रखी हैं","hi","4.14","SPEAKER_00","0.08","अगर आप एक business चलाते हो लेकिन आपके पास अपने business का कोई valid proof नहीं है","6.28","SPEAKER_00","4.2","या कहो कोई government का certificate ही नहीं है","7.68","SPEAKER_00","6.38","तो आज ही अपने business का उद्यम registration करा लो","13.88","SPEAKER_00","7.84","बड़ा easy है जी और 5 मिनिट के अंदर अंदर आपको अपने धन्दे का उद्यम registration number मिल जाएगा","28.26","SPEAKER_00","14","अब इसके कई सारे benefits हैं जो Go to udhyamregistration.gov.in, New Entrepreneur Registration, Aadhaar Details and OTP.","32.22","SPEAKER_00","28.46","फिर type of organization ढंग से देख लेना and basic details डालो form के अंदर.","36.4","SPEAKER_00","32.36","फिर इस section में business का नाम, फिर अगर कई सारे branches हैं तो आपको नीचे add करनी पड़ेगी.","43.28","SPEAKER_00","36.4","फिर दोनों sections में address डालो and longitudinal and latitudinal details में आपको अपने map की location को pin करना है.","47.04","SPEAKER_00","43.54","फिर organization का status, business चालू नहीं हुआ है तो no","49.4","SPEAKER_00","47.22","और चालू हो गया है तो किस date को चालू आता वो date डालो","51.36","SPEAKER_00","49.54","फिर bank details, category चुनो","55","SPEAKER_00","51.62","फिर यहाँ पे section 18 में आपको NIC code select करना है","56.76","SPEAKER_00","55.02","जो यहाँ पे आपको उपर मिल जाएगा","71.48","SPEAKER_00","57.04","और इससे भी ज़्यादा अच्छा option है कि नीचे 3 sub categories दे रखी हैं",,,,,"0.16","SPEAKER_00","0.08","अगर","0.36","SPEAKER_00","0.16","आप","0.36","SPEAKER_00","0.36","एक","0.62","SPEAKER_00","0.36","business","1.14","SPEAKER_00","0.62","चलाते","1.22","SPEAKER_00","1.14","हो","1.46","SPEAKER_00","1.22","लेकिन","1.78","SPEAKER_00","1.46","आपके","1.96","SPEAKER_00","1.78","पास","2.2","SPEAKER_00","1.96","अपने","2.62","SPEAKER_00","2.2","business","2.88","SPEAKER_00","2.62","का","3.4","SPEAKER_00","2.88","कोई","3.42","SPEAKER_00","3.4","valid","3.76","SPEAKER_00","3.42","proof","4.06","SPEAKER_00","3.76","नहीं","4.14","SPEAKER_00","4.06","है","4.42","SPEAKER_00","4.2","या","4.6","SPEAKER_00","4.42","कहो","4.62","SPEAKER_00","4.6","कोई","5.12","SPEAKER_00","4.62","government","5.34","SPEAKER_00","5.12","का","5.78","SPEAKER_00","5.34","certificate","6.16","SPEAKER_00","5.78","ही","6.22","SPEAKER_00","6.16","नहीं","6.28","SPEAKER_00","6.22","है","6.58","SPEAKER_00","6.38","तो","6.74","SPEAKER_00","6.58","आज","6.76","SPEAKER_00","6.74","ही","6.76","SPEAKER_00","6.76","अपने","7.16","SPEAKER_00","6.76","business","7.52","SPEAKER_00","7.16","का","7.68","SPEAKER_00","7.52","उद्यम","7.68","SPEAKER_00","7.68","registration","7.68","SPEAKER_00","7.68","करा","7.68","SPEAKER_00","7.68","लो","7.84","SPEAKER_00","7.84","बड़ा","8.08","SPEAKER_00","7.84","easy","9.78","SPEAKER_00","8.08","है","9.78","SPEAKER_00","9.78","जी","9.78","SPEAKER_00","9.78","और","9.78","SPEAKER_00","9.78","5","10.6","SPEAKER_00","9.78","मिनिट","10.6","SPEAKER_00","10.6","के","10.8","SPEAKER_00","10.6","अंदर","11.24","SPEAKER_00","10.8","अंदर","11.24","SPEAKER_00","11.24","आपको","11.58","SPEAKER_00","11.24","अपने","12.12","SPEAKER_00","11.58","धन्दे","12.12","SPEAKER_00","12.12","का","12.32","SPEAKER_00","12.12","उद्यम","12.32","SPEAKER_00","12.32","registration","12.32","SPEAKER_00","12.32","number","13.88","SPEAKER_00","12.32","मिल","13.88","SPEAKER_00","13.88","जाएगा","18.9","SPEAKER_00","14","अब","18.9","SPEAKER_00","18.9","इसके","18.9","SPEAKER_00","18.9","कई","18.9","SPEAKER_00","18.9","सारे","18.9","SPEAKER_00","18.9","benefits","19.26","SPEAKER_00","18.9","हैं","19.6","SPEAKER_00","19.26","जो","22.76","SPEAKER_00","22.22","Go","22.94","SPEAKER_00","22.76","to","24.84","SPEAKER_00","22.94","udhyamregistration.gov.in,","25.16","SPEAKER_00","24.84","New","25.64","SPEAKER_00","25.16","Entrepreneur","26.66","SPEAKER_00","25.64","Registration,","27.08","SPEAKER_00","26.66","Aadhaar","27.28","SPEAKER_00","27.08","Details","27.62","SPEAKER_00","27.28","and","28.26","SPEAKER_00","27.62","OTP.","28.6","SPEAKER_00","28.46","फिर","28.7","SPEAKER_00","28.6","type","28.88","SPEAKER_00","28.7","of","29.28","SPEAKER_00","28.88","organization","29.7","SPEAKER_00","29.28","ढंग","29.76","SPEAKER_00","29.7","से","30.04","SPEAKER_00","29.76","देख","30.28","SPEAKER_00","30.04","लेना","30.62","SPEAKER_00","30.28","and","30.9","SPEAKER_00","30.62","basic","31.34","SPEAKER_00","30.9","details","31.72","SPEAKER_00","31.34","डालो","31.92","SPEAKER_00","31.72","form","32.12","SPEAKER_00","31.92","के","32.22","SPEAKER_00","32.12","अंदर.","32.48","SPEAKER_00","32.36","फिर","32.6","SPEAKER_00","32.48","इस","32.84","SPEAKER_00","32.6","section","33.08","SPEAKER_00","32.84","में","33.22","SPEAKER_00","33.08","business","33.54","SPEAKER_00","33.22","का","33.7","SPEAKER_00","33.54","नाम,","33.92","SPEAKER_00","33.7","फिर","33.92","SPEAKER_00","33.92","अगर","34.04","SPEAKER_00","33.92","कई","34.22","SPEAKER_00","34.04","सारे","34.22","SPEAKER_00","34.22","branches","34.22","SPEAKER_00","34.22","हैं","34.22","SPEAKER_00","34.22","तो","34.22","SPEAKER_00","34.22","आपको","34.52","SPEAKER_00","34.22","नीचे","34.66","SPEAKER_00","34.52","add","36.26","SPEAKER_00","34.66","करनी","36.4","SPEAKER_00","36.26","पड़ेगी.","36.92","SPEAKER_00","36.4","फिर","37.46","SPEAKER_00","36.92","दोनों","37.46","SPEAKER_00","37.46","sections","37.74","SPEAKER_00","37.46","में","37.74","SPEAKER_00","37.74","address","38.22","SPEAKER_00","37.74","डालो","38.3","SPEAKER_00","38.22","and","38.94","SPEAKER_00","38.3","longitudinal","38.94","SPEAKER_00","38.94","and","39.28","SPEAKER_00","38.94","latitudinal","39.84","SPEAKER_00","39.28","details","41.18","SPEAKER_00","39.84","में","41.18","SPEAKER_00","41.18","आपको","41.18","SPEAKER_00","41.18","अपने","41.18","SPEAKER_00","41.18","map","42.42","SPEAKER_00","41.18","की","42.42","SPEAKER_00","42.42","location","42.98","SPEAKER_00","42.42","को","42.98","SPEAKER_00","42.98","pin","43.28","SPEAKER_00","42.98","करना","43.28","SPEAKER_00","43.28","है.","43.7","SPEAKER_00","43.54","फिर","44.12","SPEAKER_00","43.7","organization","44.66","SPEAKER_00","44.12","का","44.98","SPEAKER_00","44.66","status,","45.34","SPEAKER_00","44.98","business","45.66","SPEAKER_00","45.34","चालू","46.04","SPEAKER_00","45.66","नहीं","46.36","SPEAKER_00","46.04","हुआ","46.36","SPEAKER_00","46.36","है","46.66","SPEAKER_00","46.36","तो","47.04","SPEAKER_00","46.66","no","47.4","SPEAKER_00","47.22","और","47.58","SPEAKER_00","47.4","चालू","47.8","SPEAKER_00","47.58","हो","47.88","SPEAKER_00","47.8","गया","47.92","SPEAKER_00","47.88","है","48","SPEAKER_00","47.92","तो","48.18","SPEAKER_00","48","किस","48.32","SPEAKER_00","48.18","date","48.5","SPEAKER_00","48.32","को","48.68","SPEAKER_00","48.5","चालू","48.86","SPEAKER_00","48.68","आता","48.94","SPEAKER_00","48.86","वो","49.1","SPEAKER_00","48.94","date","49.4","SPEAKER_00","49.1","डालो","49.72","SPEAKER_00","49.54","फिर","49.96","SPEAKER_00","49.72","bank","50.56","SPEAKER_00","49.96","details,","50.88","SPEAKER_00","50.56","category","51.36","SPEAKER_00","50.88","चुनो","51.88","SPEAKER_00","51.62","फिर","52.08","SPEAKER_00","51.88","यहाँ","52.08","SPEAKER_00","52.08","पे","52.08","SPEAKER_00","52.08","section","52.76","SPEAKER_00","52.08","18","53.58","SPEAKER_00","52.76","में","53.58","SPEAKER_00","53.58","आपको","54.02","SPEAKER_00","53.58","NIC","54.34","SPEAKER_00","54.02","code","54.6","SPEAKER_00","54.34","select","55","SPEAKER_00","54.6","करना","55","SPEAKER_00","55","है","55.68","SPEAKER_00","55.02","जो","55.68","SPEAKER_00","55.68","यहाँ","55.68","SPEAKER_00","55.68","पे","55.68","SPEAKER_00","55.68","आपको","56.08","SPEAKER_00","55.68","उपर","56.44","SPEAKER_00","56.08","मिल","56.76","SPEAKER_00","56.44","जाएगा","58.32","SPEAKER_00","57.04","और","58.32","SPEAKER_00","58.32","इससे","58.32","SPEAKER_00","58.32","भी","58.32","SPEAKER_00","58.32","ज़्यादा","58.32","SPEAKER_00","58.32","अच्छा","58.32","SPEAKER_00","58.32","option","58.5","SPEAKER_00","58.32","है","58.5","SPEAKER_00","58.5","कि","58.5","SPEAKER_00","58.5","नीचे","58.5","SPEAKER_00","58.5","3","59.06","SPEAKER_00","58.5","sub","64.24","SPEAKER_00","59.06","categories","64.88","SPEAKER_00","64.24","दे","64.88","SPEAKER_00","64.88","रखी","71.48","SPEAKER_00","64.88","हैं",,,,,,,,,,,,,,,,,,,,,,,,,,,,,,,,,,,,,,,,,,,,,,,,,,,,,,,,,,,,,,,,,,,,,,,,,,,,,,,,,,,,,,,,,,,,,,,,,,,,,,,,,,,,,,,,,,,,,,,,,,,,,,,,,,,,,,,,,,,,,,,,,,,,,"https://scontent-arn2-1.cdninstagram.com/v/t51.75761-15/501206897_18144600820385069_1420709677550813766_n.jpg?stp=dst-jpg_e15_s640x640_tt6&_nc_cat=101&ig_cache_key=MzY0MTc3NDU2NzI4MDQ4ODg1MA%3D%3D.3-ccb7-5&ccb=7-5&_nc_sid=58cdad&efg=eyJ2ZW5jb2RlX3RhZyI6IkNMSVBTLnhwaWRzLjcyMC5zZHIudmlkZW9fZGVmYXVsdF9jb3Zlcl9mcmFtZS5DMyJ9&_nc_ohc=QVJ4WB-BopYQ7kNvwEDk4jG&_nc_oc=AdpdqF1TdLHvLFmNbLnbNTJgJorRwYbuZPJkOVRz1RH_EvqhjOqm3ow4YMM3t-a2ucU&_nc_ad=z-m&_nc_cid=0&_nc_zt=23&_nc_ht=scontent-arn2-1.cdninstagram.com&_nc_gid=gWg0Qlb88h2_ZWKqd9w74w&_nc_ss=7a3ba&oh=00_Af844Qi4ZZH9d2-G6BKKag9ROhuHuzPe6PMilWLWfKp8PA&oe=6A2C76D7","https://www.instagram.com/reel/DKKLqyKzjGS","Free Business Registration 

Starting a small business in India and worried you don’t have a GST, Shop Act, or any other business registration yet? No worries! 

With Udyam Registration, ANY business owner, even without prior official IDs  can register under the MSME (Micro, Small, and Medium Enterprises) category. 

And the best part? It's free, online, paperless, and based entirely on self-declaration.

Here’s how it benefits you and why you should do it first:

→ No other business documents required to start - Just an Aadhaar number (of proprietor/partner/director) — that’s it. You *don’t need* a GST, PAN, Shop Act, or Company Registration to begin.

→ Government Recognition - You receive a Udyam Certificate, which acts as your official business identity — a key document for banks, vendors, and government schemes.

→ Access to Government Schemes - Registered MSMEs can apply for:

- PMEGP, CLCSS, and Technology Upgradation support
- ZED Certification and Quality support schemes
- Export incentives

→ Collateral-Free Loans - Under the Credit Guarantee Fund Trust (CGTMSE), MSMEs can get loans without security, with easier access to credit from banks/NBFCs.

→ Lower Interest Rates & Priority Lending - Banks often offer subsidized interest rates and priority in loan approvals to MSMEs.

→ Faster Payment Protection (45-Day Rule) - As per the MSME Development Act, if you sell goods/services to a buyer (including big corporates or govt bodies), they must pay within 45 days. If they delay, you can legally demand interest (at 3 times the bank rate)!

→ Reservation in Government Tenders - Certain government procurement contracts are reserved for MSMEs only. You also get:

- Exemption from EMD (Earnest Money Deposit)
- Fee concessions in tenders

→ Subsidies on Trademark, Patent & ISO Certifications - MSMEs get reimbursement for costs of IP protection and quality certification.

Make your business official today, no licenses, no delay.

Udyam Registration is your first step to growth, funding, and freedom.

-

#indianshop #indianbusiness #businessinindia #dhanda #sindhi #marwadibusinessman","#indianshop, #indianbusiness, #businessinindia, #dhanda, #sindhi, #marwadibusinessman","labourlawadvisor","Labour Law Advisor","3391","87127","87965","83","1788","71.73","2025-05-27T13:45:06.000Z","DKKLqyKzjGS","labourlawadvisor","Original audio","true","","","Free Business Registration 

Starting a small business in India and worried you don’t have a GST, Shop Act, or any other business registration yet? No worries! 

With Udyam Registration, ANY business owner, even without prior official IDs  can register under the MSME (Micro, Small, and Medium Enterprises) category. 

And the best part? It's free, online, paperless, and based entirely on self-declaration.

Here’s how it benefits you and why you should do it first:

→ No other business documents required to start - Just an Aadhaar number (of proprietor/partner/director) — that’s it. You *don’t need* a GST, PAN, Shop Act, or Company Registration to begin.

→ Government Recognition - You receive a Udyam Certificate, which acts as your official business identity — a key document for banks, vendors, and government schemes.

→ Access to Government Schemes - Registered MSMEs can apply for:

- PMEGP, CLCSS, and Technology Upgradation support
- ZED Certification and Quality support schemes
- Export incentives

→ Collateral-Free Loans - Under the Credit Guarantee Fund Trust (CGTMSE), MSMEs can get loans without security, with easier access to credit from banks/NBFCs.

→ Lower Interest Rates & Priority Lending - Banks often offer subsidized interest rates and priority in loan approvals to MSMEs.

→ Faster Payment Protection (45-Day Rule) - As per the MSME Development Act, if you sell goods/services to a buyer (including big corporates or govt bodies), they must pay within 45 days. If they delay, you can legally demand interest (at 3 times the bank rate)!

→ Reservation in Government Tenders - Certain government procurement contracts are reserved for MSMEs only. You also get:

- Exemption from EMD (Earnest Money Deposit)
- Fee concessions in tenders

→ Subsidies on Trademark, Patent & ISO Certifications - MSMEs get reimbursement for costs of IP protection and quality certification.

Make your business official today, no licenses, no delay.

Udyam Registration is your first step to growth, funding, and freedom.

-

#indianshop #indianbusiness #businessinindia #dhanda #sindhi #marwadibusinessman","3641774567280488850","clips","clips",,"true","true","1920","1080","2026-06-08T11:39:30.797Z","success",,,"https://scontent-arn2-1.cdninstagram.com/o1/v/t2/f2/m86/AQMqKA1QqjDZepCfMN_lAsla5c-R1ZIP5A-GGkmgpYGUpsUeCDMMUQZEgLo_x1A6NV2bk4vegbfzFnpC1BV8-gNgRkz-cVFOBwqE8FE.mp4?_nc_cat=101&_nc_sid=5e9851&_nc_ht=scontent-arn2-1.cdninstagram.com&_nc_ohc=CeavN7fur54Q7kNvwHFju_O&efg=eyJ2ZW5jb2RlX3RhZyI6Inhwdl9wcm9ncmVzc2l2ZS5JTlNUQUdSQU0uQ0xJUFMuQzMuNzIwLmRhc2hfYmFzZWxpbmVfMV92MSIsInhwdl9hc3NldF9pZCI6MzE0MzY4MzY2NTc5Njg1NSwiYXNzZXRfYWdlX2RheXMiOjM3NiwidmlfdXNlY2FzZV9pZCI6MTAwOTksImR1cmF0aW9uX3MiOjcxLCJ1cmxnZW5fc291cmNlIjoid3d3In0%3D&ccb=17-1&vs=c8212f7653a69878&_nc_vs=HBksFQIYUmlnX3hwdl9yZWVsc19wZXJtYW5lbnRfc3JfcHJvZC8wRjRDRDI2RDcyOUMyMkFCM0Y4ODQzRUJBMEZCRjg5OV92aWRlb19kYXNoaW5pdC5tcDQVAALIARIAFQIYR2lnX3hwdl9yZWVsc19wZXJtYW5lbnRfc3JfcHJvZC8xMDQxMzQ3MjM3NDcwNDA3XzE3MzkzODU3Njg0NDU2MzE2NzkubXA0FQICyAESACgAGAAbAogHdXNlX29pbAExEnByb2dyZXNzaXZlX3JlY2lwZQExFQAAJu77_MK8ypULFQIoAkMzLBdAUet0vGp--hgSZGFzaF9iYXNlbGluZV8xX3YxEQB1_gdl5p0BAA&_nc_gid=gWg0Qlb88h2_ZWKqd9w74w&_nc_zt=28&_nc_ss=7a3ba&oh=00_Af8_K1KXPowKFR1w90a9lpvV89rDDRemEhyvOanyUKfKCw&oe=6A28A336","https://www.instagram.com/reel/DKKLqyKzjGS/","https://www.instagram.com/reel/DF9LermznhF/","https://www.instagram.com/reel/DRPhpoAjG8v/","https://www.instagram.com/reel/DRCeH3kiTBU/","https://www.instagram.com/reel/DESrEAfpqc7/","false","https://www.instagram.com/p/DS46KJNjva9/","10","true"
"यह रिसेंटली वायरल शाक टैंक पिछ देखी और शाक्स फन फैक्ट आज ऑलमोस्ट सेवेंटी परसेंट ऑफ आर रेवेन्यू कम फ्रॉम क्विक कॉमर्स वह जैसे कई डी टू सी ब्रांड्स है जो क्विक कॉमर्स अपना ब्रांड बना रहे हैं एंड इफी ऑल्सों ऑन I have a solution for it Recently एक 150 करोर का fund announce हुआ That can provide funding to brands who want to scale on quick commerce That too without diluting any equity This fund is by a startup called Drekker Club That can offer you funding for your working capital and marketing needs ये collator free loan देते हैं Ranging from 50 lakhs to 100 crores in 48 hours इनकी अगर website का link चाहिए तो follow करके comment कर देना link and I will DM you तो wait क्या कर रहे हो जल्दी ही अपने सारे founder friends के साथ share करो and keep following your favorite startup channel MKPOV for more such videos","hi","6.82","SPEAKER_01","0","यह रिसेंटली वायरल शाक टैंक पिछ देखी और शाक्स फन फैक्ट आज ऑलमोस्ट सेवेंटी परसेंट ऑफ आर रेवेन्यू कम फ्रॉम क्विक कॉमर्स","27.6","SPEAKER_00","6.82","वह जैसे कई डी टू सी ब्रांड्स है जो क्विक कॉमर्स अपना ब्रांड बना रहे हैं एंड इफी ऑल्सों ऑन I have a solution for it","30.08","SPEAKER_00","27.6","Recently एक 150 करोर का fund announce हुआ","33.38","SPEAKER_00","30.16","That can provide funding to brands who want to scale on quick commerce","35.3","SPEAKER_00","33.52","That too without diluting any equity","37.72","SPEAKER_00","35.42","This fund is by a startup called Drekker Club","41.1","SPEAKER_00","37.8","That can offer you funding for your working capital and marketing needs","42.92","SPEAKER_00","41.26","ये collator free loan देते हैं","45.94","SPEAKER_00","42.92","Ranging from 50 lakhs to 100 crores in 48 hours","50.64","SPEAKER_00","45.96","इनकी अगर website का link चाहिए तो follow करके comment कर देना link and I will DM you","54.36","SPEAKER_00","50.66","तो wait क्या कर रहे हो जल्दी ही अपने सारे founder friends के साथ share करो","57.82","SPEAKER_00","54.36","and keep following your favorite startup channel MKPOV for more such videos",,,,,,,,,,,,,"0.38","SPEAKER_00","0","यह","0.38","SPEAKER_00","0.38","रिसेंटली","1.06","SPEAKER_00","0.38","वायरल","1.42","SPEAKER_00","1.06","शाक","1.76","SPEAKER_00","1.42","टैंक","1.86","SPEAKER_00","1.76","पिछ","2.1","SPEAKER_00","1.86","देखी","2.3","SPEAKER_00","2.1","और","2.5","SPEAKER_00","2.3","शाक्स","2.98","SPEAKER_01","2.5","फन","4.2","SPEAKER_01","2.98","फैक्ट","4.2","SPEAKER_01","4.2","आज","5.14","SPEAKER_01","4.2","ऑलमोस्ट","5.44","SPEAKER_01","5.14","सेवेंटी","5.82","SPEAKER_01","5.44","परसेंट","6.1","SPEAKER_01","5.82","ऑफ","6.12","SPEAKER_01","6.1","आर","6.68","SPEAKER_01","6.12","रेवेन्यू","6.76","SPEAKER_01","6.68","कम","6.76","SPEAKER_01","6.76","फ्रॉम","6.76","SPEAKER_01","6.76","क्विक","6.82","SPEAKER_01","6.76","कॉमर्स","9.12","SPEAKER_01","6.82","वह","9.12","SPEAKER_00","9.12","जैसे","9.14","SPEAKER_00","9.12","कई","9.14","SPEAKER_00","9.14","डी","9.48","SPEAKER_00","9.14","टू","9.48","SPEAKER_00","9.48","सी","9.84","SPEAKER_00","9.48","ब्रांड्स","9.84","SPEAKER_00","9.84","है","10.4","SPEAKER_00","9.84","जो","10.4","SPEAKER_00","10.4","क्विक","10.88","SPEAKER_00","10.4","कॉमर्स","10.88","SPEAKER_00","10.88","अपना","11.78","SPEAKER_00","10.88","ब्रांड","11.78","SPEAKER_00","11.78","बना","12.34","SPEAKER_00","11.78","रहे","12.58","SPEAKER_00","12.34","हैं","12.58","SPEAKER_00","12.58","एंड","12.58","SPEAKER_00","12.58","इफी","25.4","SPEAKER_00","12.58","ऑल्सों","25.98","SPEAKER_00","25.4","ऑन","26.38","SPEAKER_00","26","I","26.66","SPEAKER_00","26.38","have","26.82","SPEAKER_00","26.66","a","27.14","SPEAKER_00","26.82","solution","27.42","SPEAKER_00","27.14","for","27.6","SPEAKER_00","27.42","it","27.9","SPEAKER_00","27.6","Recently","28.16","SPEAKER_00","27.9","एक","28.6","SPEAKER_00","28.16","150","29","SPEAKER_00","28.6","करोर","29.16","SPEAKER_00","29","का","29.42","SPEAKER_00","29.16","fund","29.76","SPEAKER_00","29.42","announce","30.08","SPEAKER_00","29.76","हुआ","30.44","SPEAKER_00","30.16","That","30.64","SPEAKER_00","30.44","can","31","SPEAKER_00","30.64","provide","31.36","SPEAKER_00","31","funding","31.68","SPEAKER_00","31.36","to","31.98","SPEAKER_00","31.68","brands","32.2","SPEAKER_00","31.98","who","32.36","SPEAKER_00","32.2","want","32.52","SPEAKER_00","32.36","to","32.68","SPEAKER_00","32.52","scale","32.9","SPEAKER_00","32.68","on","33.06","SPEAKER_00","32.9","quick","33.38","SPEAKER_00","33.06","commerce","33.72","SPEAKER_00","33.52","That","33.92","SPEAKER_00","33.72","too","34.32","SPEAKER_00","33.92","without","34.8","SPEAKER_00","34.32","diluting","35.06","SPEAKER_00","34.8","any","35.3","SPEAKER_00","35.06","equity","35.66","SPEAKER_00","35.42","This","35.92","SPEAKER_00","35.66","fund","36.12","SPEAKER_00","35.92","is","36.3","SPEAKER_00","36.12","by","36.54","SPEAKER_00","36.3","a","36.82","SPEAKER_00","36.54","startup","37.12","SPEAKER_00","36.82","called","37.5","SPEAKER_00","37.12","Drekker","37.72","SPEAKER_00","37.5","Club","38.04","SPEAKER_00","37.8","That","38.26","SPEAKER_00","38.04","can","38.46","SPEAKER_00","38.26","offer","38.72","SPEAKER_00","38.46","you","38.98","SPEAKER_00","38.72","funding","39.18","SPEAKER_00","38.98","for","39.36","SPEAKER_00","39.18","your","39.6","SPEAKER_00","39.36","working","40.08","SPEAKER_00","39.6","capital","40.32","SPEAKER_00","40.08","and","40.62","SPEAKER_00","40.32","marketing","41.1","SPEAKER_00","40.62","needs","41.46","SPEAKER_00","41.26","ये","41.86","SPEAKER_00","41.46","collator","42.16","SPEAKER_00","41.86","free","42.38","SPEAKER_00","42.16","loan","42.86","SPEAKER_00","42.38","देते","42.92","SPEAKER_00","42.86","हैं","43.2","SPEAKER_00","42.92","Ranging","43.5","SPEAKER_00","43.2","from","43.8","SPEAKER_00","43.5","50","44.38","SPEAKER_00","43.8","lakhs","44.4","SPEAKER_00","44.38","to","44.64","SPEAKER_00","44.4","100","45.24","SPEAKER_00","44.64","crores","45.34","SPEAKER_00","45.24","in","45.6","SPEAKER_00","45.34","48","45.94","SPEAKER_00","45.6","hours","46.5","SPEAKER_00","45.96","इनकी","46.74","SPEAKER_00","46.5","अगर","47.16","SPEAKER_00","46.74","website","47.54","SPEAKER_00","47.16","का","47.54","SPEAKER_00","47.54","link","47.98","SPEAKER_00","47.54","चाहिए","48.04","SPEAKER_00","47.98","तो","48.26","SPEAKER_00","48.04","follow","48.6","SPEAKER_00","48.26","करके","48.88","SPEAKER_00","48.6","comment","49.16","SPEAKER_00","48.88","कर","49.34","SPEAKER_00","49.16","देना","49.64","SPEAKER_00","49.34","link","49.86","SPEAKER_00","49.64","and","49.98","SPEAKER_00","49.86","I","50.22","SPEAKER_00","49.98","will","50.42","SPEAKER_00","50.22","DM","50.64","SPEAKER_00","50.42","you","50.84","SPEAKER_00","50.66","तो","51.12","SPEAKER_00","50.84","wait","51.36","SPEAKER_00","51.12","क्या","51.54","SPEAKER_00","51.36","कर","51.72","SPEAKER_00","51.54","रहे","51.8","SPEAKER_00","51.72","हो","52.26","SPEAKER_00","51.8","जल्दी","52.34","SPEAKER_00","52.26","ही","52.34","SPEAKER_00","52.34","अपने","52.92","SPEAKER_00","52.34","सारे","53.02","SPEAKER_00","52.92","founder","53.44","SPEAKER_00","53.02","friends","53.8","SPEAKER_00","53.44","के","54.08","SPEAKER_00","53.8","साथ","54.08","SPEAKER_00","54.08","share","54.36","SPEAKER_00","54.08","करो","54.6","SPEAKER_00","54.36","and","54.82","SPEAKER_00","54.6","keep","55.1","SPEAKER_00","54.82","following","55.28","SPEAKER_00","55.1","your","55.48","SPEAKER_00","55.28","favorite","55.86","SPEAKER_00","55.48","startup","56.26","SPEAKER_00","55.86","channel","57","SPEAKER_00","56.26","MKPOV","57.2","SPEAKER_00","57","for","57.38","SPEAKER_00","57.2","more","57.58","SPEAKER_00","57.38","such","57.82","SPEAKER_00","57.58","videos",,,,,,,,,,,,,,,,,,,,,,,,,,,,,,,,,,,,,,,,,,,,,,,,,,,,,,,,,,,,,,,,,,,,,,,,,,,,,,,,,,,,,,,,,,,,,,,,,,,,,,,,,,,,,,,,,,,,,,,,,,,,,,,,,,,,,,,,,,,,,,,,,,,,,,,,,,,,,,,,,,,,,,,,,,,,,,,,,,,,,,,,,,,,,,,,,,,,,,,,,,,,,,,,,,,,,,,,,,,,,,,,,,,,,,,,,,,,,,,,,,,,,,,,,,,,,,,,,,,,,,,,,,,,,,,,,,,,,,,,,"https://scontent-vie1-1.cdninstagram.com/v/t51.75761-15/479488201_18018333008665990_5139398880754408838_n.jpg?stp=dst-jpg_e15_s640x640_tt6&_nc_cat=110&ig_cache_key=MzU2NjA1Njk2Njg2NTE4ODkzMw%3D%3D.3-ccb7-5&ccb=7-5&_nc_sid=58cdad&efg=eyJ2ZW5jb2RlX3RhZyI6IkNMSVBTLnhwaWRzLjUwNC5zZHIudmlkZW9fZGVmYXVsdF9jb3Zlcl9mcmFtZS5DMyJ9&_nc_ohc=s67W6uLSHbwQ7kNvwHZj60-&_nc_oc=Adrbmbp2ioJ1rRsVqZqkGLI9_E6WBonW3KZoG4p4vK0bMb_Yag2e-myntD0eS5Pn2BE&_nc_ad=z-m&_nc_cid=0&_nc_zt=23&_nc_ht=scontent-vie1-1.cdninstagram.com&_nc_gid=DihHmLw52jvTOof7dRUy3w&_nc_ss=7a3ba&oh=00_Af-PWK4IvWXJm5aIs3ych2kTj0w_MLZQPBinLGdVkKonWQ&oe=6A2C60C1","https://www.instagram.com/reel/DF9LermznhF","Raise funding without diluting equity!

Comment Link to get the website link. Or just search it on Google :)

#startup #zepto #blinkit #funding #entrepreneur #mkpov #sharktankindia #founder","#startup, #zepto, #blinkit, #funding, #entrepreneur, #mkpov, #sharktankindia, #founder","mk__pov","Mukul Khurana | Startups | Business | AI | Tech","2027","111486","117865","843","1101","58.13","2025-02-12T02:28:02.000Z","DF9LermznhF","mk__pov","Original audio","true","","","Raise funding without diluting equity!

Comment Link to get the website link. Or just search it on Google :)

#startup #zepto #blinkit #funding #entrepreneur #mkpov #sharktankindia #founder","3566056966865188933","clips","clips",,"true","true","1280","720","2026-06-08T11:39:57.954Z","success",,,"https://scontent-vie1-1.cdninstagram.com/o1/v/t2/f2/m367/AQOPwvA47y0LbHUabflErllxv4qCFYw-LIGZ1_iN2V2xXpjG1AILH9NiqKSnR6LyhIYxKZMa62A6BNtmRdGD2AVO5gePSdtgiS2yQWk.mp4?_nc_cat=101&_nc_sid=5e9851&_nc_ht=scontent-vie1-1.cdninstagram.com&_nc_ohc=ABoHKU1b_AEQ7kNvwHh62xa&efg=eyJ2ZW5jb2RlX3RhZyI6Inhwdl9wcm9ncmVzc2l2ZS5JTlNUQUdSQU0uQ0xJUFMuQzMuNzIwLmRhc2hfYmFzZWxpbmVfMV92MSIsInhwdl9hc3NldF9pZCI6MTMxNTIwMjUzMzA5NDAwNiwiYXNzZXRfYWdlX2RheXMiOjQ4MSwidmlfdXNlY2FzZV9pZCI6MTAwOTksImR1cmF0aW9uX3MiOjU4LCJ1cmxnZW5fc291cmNlIjoid3d3In0%3D&ccb=17-1&vs=cc9437be918629d7&_nc_vs=HBksFQIYQGlnX2VwaGVtZXJhbC9DNTRBMUREQUI5MUZEQjAxRkMyODIxMjMyMDc5RUM4MF92aWRlb19kYXNoaW5pdC5tcDQVAALIARIAFQIYRmlnX3hwdl9yZWVsc19wZXJtYW5lbnRfc3JfcHJvZC84ODA5MjMwNjQwMjk2NjlfMTk0Mjg0OTk3NDU4MDcwOTA3Mi5tcDQVAgLIARIAKAAYABsCiAd1c2Vfb2lsATEScHJvZ3Jlc3NpdmVfcmVjaXBlATEVAAAm7MnXvO6K1gQVAigCQzMsF0BNEAAAAAAAGBJkYXNoX2Jhc2VsaW5lXzFfdjERAHX-B2XmnQEA&_nc_gid=DihHmLw52jvTOof7dRUy3w&_nc_ss=7a3ba&_nc_zt=28&oh=00_Af8w6Hxlf-FGbmt5dY_iWBrZ9IpjiohseZhtzL8RlrJf_w&oe=6A2C67C2","https://www.instagram.com/reel/DKKLqyKzjGS/","https://www.instagram.com/reel/DF9LermznhF/","https://www.instagram.com/reel/DRPhpoAjG8v/","https://www.instagram.com/reel/DRCeH3kiTBU/","https://www.instagram.com/reel/DESrEAfpqc7/","false","https://www.instagram.com/p/DS46KJNjva9/","10","true"
"What's your most used AI tool as an agency unit? Two, both of them do the same thing actually. ChronicleHQ creates one of the most beautiful presentations you see. And the reason for that is younger people are higher. In a problem that the design aesthetics do not match in half of the time goes in explaining them what kind of professional design looks like. So I feel this saved a lot of time. Chronicle HQ does make a lot of great looking presentations and Gamma RAPP just fills out the gap between less finesse in terms of the knowledge that is in the presentation. So Chronicle and Gamma.","en","3.54","SPEAKER_00","0.02","What's your most used AI tool as an agency unit?","7.3","SPEAKER_01","4.36","Two, both of them do the same thing actually. ChronicleHQ creates one","12.52","SPEAKER_01","7.34","of the most beautiful presentations you see. And the reason for that is younger people are higher.","17.54","SPEAKER_01","13.44","In a problem that the design aesthetics do not match in half of the time goes in explaining them","21.8","SPEAKER_01","17.64","what kind of professional design looks like. So I feel this saved a lot of time.","28.32","SPEAKER_01","21.84","Chronicle HQ does make a lot of great looking presentations and Gamma RAPP just fills out the gap","36.12","SPEAKER_01","28.4","between less finesse in terms of the knowledge that is in the presentation. So Chronicle and Gamma.",,,,,,,,,,,,,,,,,,,,,,,,,,,,,,,,,"0.22","SPEAKER_00","0.02","What's","0.5","SPEAKER_00","0.28","your","1.44","SPEAKER_00","1.18","most","1.7","SPEAKER_00","1.56","used","1.92","SPEAKER_00","1.86","AI","2.2","SPEAKER_00","2.02","tool","2.88","SPEAKER_00","2.8","as","2.98","SPEAKER_00","2.92","an","3.28","SPEAKER_00","3.02","agency","3.54","SPEAKER_00","3.44","unit?","4.5","SPEAKER_01","4.36","Two,","5.16","SPEAKER_01","5.02","both","5.26","SPEAKER_01","5.22","of","5.38","SPEAKER_01","5.3","them","5.48","SPEAKER_01","5.46","do","5.58","SPEAKER_01","5.54","the","5.84","SPEAKER_01","5.64","same","6.02","SPEAKER_01","5.9","thing","6.36","SPEAKER_01","6.1","actually.","6.86","SPEAKER_01","6.54","ChronicleHQ","7.22","SPEAKER_01","7.02","creates","7.3","SPEAKER_01","7.26","one","7.36","SPEAKER_01","7.34","of","7.44","SPEAKER_01","7.4","the","7.64","SPEAKER_01","7.48","most","8.06","SPEAKER_01","7.72","beautiful","8.88","SPEAKER_01","8.12","presentations","9","SPEAKER_01","8.94","you","9.2","SPEAKER_01","9.08","see.","9.94","SPEAKER_01","9.88","And","10.02","SPEAKER_01","9.98","the","10.32","SPEAKER_01","10.08","reason","10.46","SPEAKER_01","10.4","for","10.68","SPEAKER_01","10.52","that","10.92","SPEAKER_01","10.78","is","11.66","SPEAKER_01","11.48","younger","11.92","SPEAKER_01","11.72","people","12.04","SPEAKER_01","11.98","are","12.52","SPEAKER_01","12.28","higher.","13.5","SPEAKER_01","13.44","In","13.6","SPEAKER_01","13.6","a","14","SPEAKER_01","13.72","problem","14.14","SPEAKER_01","14.06","that","14.24","SPEAKER_01","14.2","the","14.56","SPEAKER_01","14.32","design","14.96","SPEAKER_01","14.62","aesthetics","15.14","SPEAKER_01","15.1","do","15.4","SPEAKER_01","15.24","not","15.7","SPEAKER_01","15.54","match","15.78","SPEAKER_01","15.74","in","16","SPEAKER_01","15.88","half","16.12","SPEAKER_01","16.1","of","16.2","SPEAKER_01","16.16","the","16.38","SPEAKER_01","16.26","time","16.66","SPEAKER_01","16.48","goes","16.76","SPEAKER_01","16.7","in","17.34","SPEAKER_01","16.84","explaining","17.54","SPEAKER_01","17.42","them","17.78","SPEAKER_01","17.64","what","18.02","SPEAKER_01","17.88","kind","18.12","SPEAKER_01","18.06","of","19.02","SPEAKER_01","18.44","professional","19.36","SPEAKER_01","19.08","design","19.54","SPEAKER_01","19.42","looks","19.78","SPEAKER_01","19.6","like.","20.46","SPEAKER_01","20.42","So","20.52","SPEAKER_01","20.52","I","20.78","SPEAKER_01","20.6","feel","21.08","SPEAKER_01","21","this","21.34","SPEAKER_01","21.14","saved","21.38","SPEAKER_01","21.38","a","21.54","SPEAKER_01","21.44","lot","21.62","SPEAKER_01","21.58","of","21.8","SPEAKER_01","21.68","time.","22.18","SPEAKER_01","21.84","Chronicle","22.32","SPEAKER_01","22.26","HQ","23.22","SPEAKER_01","22.94","does","23.68","SPEAKER_01","23.48","make","23.74","SPEAKER_01","23.74","a","23.94","SPEAKER_01","23.82","lot","24.06","SPEAKER_01","24","of","24.72","SPEAKER_01","24.46","great","25.02","SPEAKER_01","24.82","looking","25.58","SPEAKER_01","25.06","presentations","25.78","SPEAKER_01","25.72","and","26.04","SPEAKER_01","25.86","Gamma","26.34","SPEAKER_01","26.2","RAPP","26.72","SPEAKER_01","26.56","just","27.08","SPEAKER_01","26.82","fills","27.34","SPEAKER_01","27.18","out","28","SPEAKER_01","27.94","the","28.32","SPEAKER_01","28.1","gap","28.7","SPEAKER_01","28.4","between","29.46","SPEAKER_01","29.18","less","30.86","SPEAKER_01","30.48","finesse","31","SPEAKER_01","30.94","in","31.24","SPEAKER_01","31.06","terms","31.34","SPEAKER_01","31.3","of","31.42","SPEAKER_01","31.38","the","31.86","SPEAKER_01","31.5","knowledge","32.02","SPEAKER_01","31.92","that","32.16","SPEAKER_01","32.1","is","32.22","SPEAKER_01","32.2","in","32.3","SPEAKER_01","32.26","the","32.9","SPEAKER_01","32.36","presentation.","33.98","SPEAKER_01","33.92","So","34.58","SPEAKER_01","34.3","Chronicle","34.66","SPEAKER_01","34.62","and","36.12","SPEAKER_01","34.7","Gamma.",,,,,,,,,,,,,,,,,,,,,,,,,,,,,,,,,,,,,,,,,,,,,,,,,,,,,,,,,,,,,,,,,,,,,,,,,,,,,,,,,,,,,,,,,,,,,,,,,,,,,,,,,,,,,,,,,,,,,,,,,,,,,,,,,,,,,,,,,,,,,,,,,,,,,,,,,,,,,,,,,,,,,,,,,,,,,,,,,,,,,,,,,,,,,,,,,,,,,,,,,,,,,,,,,,,,,,,,,,,,,,,,,,,,,,,,,,,,,,,,,,,,,,,,,,,,,,,,,,,,,,,,,,,,,,,,,,,,,,,,,,,,,,,,,,,,,,,,,,,,,,,,,,,,,,,,,,,,,,,,,,,,,,,,,,,,,,,,,,,,,,,,,,,,,,,,,,,,,,,,,,,,,,,,,,,,,,,,,,,,,,,,,,,,,,,,,,,,,,,,,,,,,,,,,,,,,,,,,,,,,,,,,,,,,,,,,,,,,,,,,,,,,,,,,,,,,,,,,,,,,,,,,,,,,,,,,,,,,"https://scontent-bru2-1.cdninstagram.com/v/t51.71878-15/583128680_1368317381468522_2041198409832289102_n.jpg?stp=dst-jpg_e15_p360x360_tt6&_nc_cat=109&ig_cache_key=Mzc2OTM3OTQwOTEyNDY4MzU2Nw%3D%3D.3-ccb7-5&ccb=7-5&_nc_sid=58cdad&efg=eyJ2ZW5jb2RlX3RhZyI6IkNMSVBTLnhwaWRzLjY0MC5zZHIudmlkZW9fbmZyYW1lX2NvdmVyX2ZyYW1lLkMzIn0%3D&_nc_ohc=tKtvkINPEp8Q7kNvwECkFMv&_nc_oc=Adqb_MD_2T3UXVi7LyK3b4JflxI__QG5wQC4v-cKUWtSvJzXdrQ7bV_8VXqpwkS7_RE&_nc_ad=z-m&_nc_cid=0&_nc_zt=23&_nc_ht=scontent-bru2-1.cdninstagram.com&_nc_gid=h5IJKtkUQnDT7vLUMOvCdw&_nc_ss=7a3ba&oh=00_Af81ADgG3Vt4_ua8xKfvC9tj9YtwW6U4w5Z-6ixA62T-6Q&oe=6A2C8510","https://www.instagram.com/reel/DRPhpoAjG8v","Ever tried these AI tools to save time?","","rishiudapurkar","Rishi Udapurkar","13621","587921","587921","42","23175","36.22","2025-11-19T15:12:09.000Z","DRPhpoAjG8v","rishiudapurkar","Original audio","true","","","Ever tried these AI tools to save time?","3769379409124683567","clips","clips",,"true","true","1920","1080","2026-06-08T11:40:23.631Z","success",,,"https://scontent-bru2-1.cdninstagram.com/o1/v/t2/f2/m86/AQNpOOab0oSQOYfHK3Zt4HnEiqRwLShpItZS6MoudgGVu_O5ZmRodJHSv_vLFXJ4k4K6nbCSifMcskKq9y6ayDzR17ejrulPgzE3Qm8.mp4?_nc_cat=105&_nc_sid=5e9851&_nc_ht=scontent-bru2-1.cdninstagram.com&_nc_ohc=UFQqxUuDvl0Q7kNvwFmCEzN&efg=eyJ2ZW5jb2RlX3RhZyI6Inhwdl9wcm9ncmVzc2l2ZS5JTlNUQUdSQU0uQ0xJUFMuQzMuNzIwLmRhc2hfYmFzZWxpbmVfMV92MSIsInhwdl9hc3NldF9pZCI6ODUzNTEyMDM3MzY3MjQwLCJhc3NldF9hZ2VfZGF5cyI6MjAwLCJ2aV91c2VjYXNlX2lkIjoxMDA5OSwiZHVyYXRpb25fcyI6MzYsInVybGdlbl9zb3VyY2UiOiJ3d3cifQ%3D%3D&ccb=17-1&vs=d23c216f388fd8d0&_nc_vs=HBksFQIYUmlnX3hwdl9yZWVsc19wZXJtYW5lbnRfc3JfcHJvZC8zMzQzQTYzNDczNTg5QzYxMTExNUM5N0I2MTU5OEE5RF92aWRlb19kYXNoaW5pdC5tcDQVAALIARIAFQIYR2lnX3hwdl9yZWVsc19wZXJtYW5lbnRfc3JfcHJvZC8xMzc5NzMzMzEwMjY4MjA0XzY5NDMyMjA5MzM2NTkwMTA4NTYubXA0FQICyAESACgAGAAbAogHdXNlX29pbAExEnByb2dyZXNzaXZlX3JlY2lwZQExFQAAJpD345z4kIQDFQIoAkMzLBdAQhmZmZmZmhgSZGFzaF9iYXNlbGluZV8xX3YxEQB1_gdl5p0BAA&_nc_gid=h5IJKtkUQnDT7vLUMOvCdw&_nc_zt=28&_nc_ss=7a3ba&oh=00_Af-bQs7Fn9ckJrpPCjeqdOiLyeqTy7FdycR_RBqrdCjGCw&oe=6A2871F6","https://www.instagram.com/reel/DKKLqyKzjGS/","https://www.instagram.com/reel/DF9LermznhF/","https://www.instagram.com/reel/DRPhpoAjG8v/","https://www.instagram.com/reel/DRCeH3kiTBU/","https://www.instagram.com/reel/DESrEAfpqc7/","false","https://www.instagram.com/p/DS46KJNjva9/","10","true"
"It looks like there's a lot of natural light coming in this area but we're within an indoor auditorium with no source of natural light that's because this is not real sunlight it's our patented lighting technology which brings the experience and the benefits of sunlight absolutely anywhere you can use it in bedrooms living rooms hallways passages classrooms offices hotels absolutely any space which lacks natural daylight walls into beautiful looking windows one of the most remarkable features of the sunroof is that it changes its colors and brightness just like the day outside automatically from morning very warm and dim to afternoon gets brighter and wider and evening again it dims down we use many different layers of optics diffusers lenses to make it feel like you're actually looking at a real sky sunroof is the future of indoor lighting and we are bringing a revolution in this industry","en","3.4","SPEAKER_00","0.04","It looks like there's a lot of natural light coming in this area but we're within","8.71","SPEAKER_00","3.49","an indoor auditorium with no source of natural light that's because this is not real sunlight it's","12.96","SPEAKER_00","8.78","our patented lighting technology which brings the experience and the benefits","18.84","SPEAKER_00","13.02","of sunlight absolutely anywhere you can use it in bedrooms living rooms hallways passages classrooms","25.56","SPEAKER_00","19","offices hotels absolutely any space which lacks natural daylight walls","31.51","SPEAKER_00","25.69","into beautiful looking windows one of the most remarkable features of the sunroof is that it changes","36.27","SPEAKER_00","31.57","its colors and brightness just like the day outside automatically from morning very warm","41.29","SPEAKER_00","36.34","and dim to afternoon gets brighter and wider and evening again it dims down we use","46.69","SPEAKER_00","41.42","many different layers of optics diffusers lenses to make it feel like you're actually looking at","48.22","SPEAKER_00","46.77","a real sky sunroof","51.9","SPEAKER_00","48.35","is the future of indoor lighting and we are bringing a revolution in this industry",,,,,,,,,,,,,,,,,"0.06","SPEAKER_00","0.04","It","0.29","SPEAKER_00","0.1","looks","0.55","SPEAKER_00","0.38","like","0.71","SPEAKER_00","0.59","there's","0.76","SPEAKER_00","0.76","a","1.03","SPEAKER_00","0.86","lot","1.11","SPEAKER_00","1.07","of","1.6","SPEAKER_00","1.22","natural","1.81","SPEAKER_00","1.64","light","2.06","SPEAKER_00","1.85","coming","2.14","SPEAKER_00","2.12","in","2.27","SPEAKER_00","2.18","this","2.6","SPEAKER_00","2.42","area","2.81","SPEAKER_00","2.71","but","3.02","SPEAKER_00","2.88","we're","3.4","SPEAKER_00","3.13","within","3.55","SPEAKER_00","3.49","an","3.97","SPEAKER_00","3.7","indoor","4.64","SPEAKER_00","4.16","auditorium","4.81","SPEAKER_00","4.7","with","4.96","SPEAKER_00","4.89","no","5.31","SPEAKER_00","5.1","source","5.4","SPEAKER_00","5.36","of","5.84","SPEAKER_00","5.48","natural","6.09","SPEAKER_00","5.9","light","6.36","SPEAKER_00","6.2","that's","6.68","SPEAKER_00","6.43","because","7.01","SPEAKER_00","6.83","this","7.31","SPEAKER_00","7.22","is","7.73","SPEAKER_00","7.48","not","7.96","SPEAKER_00","7.79","real","8.51","SPEAKER_00","8.09","sunlight","8.71","SPEAKER_00","8.61","it's","8.84","SPEAKER_00","8.78","our","9.47","SPEAKER_00","8.99","patented","9.87","SPEAKER_00","9.53","lighting","10.42","SPEAKER_00","9.93","technology","10.69","SPEAKER_00","10.54","which","11.11","SPEAKER_00","10.84","brings","11.21","SPEAKER_00","11.17","the","11.97","SPEAKER_00","11.34","experience","12.26","SPEAKER_00","12.14","and","12.39","SPEAKER_00","12.33","the","12.96","SPEAKER_00","12.54","benefits","13.1","SPEAKER_00","13.02","of","13.57","SPEAKER_00","13.19","sunlight","14.32","SPEAKER_00","13.76","absolutely","14.83","SPEAKER_00","14.43","anywhere","14.99","SPEAKER_00","14.93","you","15.14","SPEAKER_00","15.04","can","15.41","SPEAKER_00","15.29","use","15.52","SPEAKER_00","15.48","it","15.62","SPEAKER_00","15.58","in","16.27","SPEAKER_00","15.77","bedrooms","16.63","SPEAKER_00","16.38","living","16.93","SPEAKER_00","16.7","rooms","17.54","SPEAKER_00","17.03","hallways","18.19","SPEAKER_00","17.7","passages","18.84","SPEAKER_00","18.29","classrooms","19.43","SPEAKER_00","19","offices","20.03","SPEAKER_00","19.53","hotels","20.83","SPEAKER_00","20.22","absolutely","21.11","SPEAKER_00","20.98","any","21.57","SPEAKER_00","21.23","space","21.76","SPEAKER_00","21.63","which","22.09","SPEAKER_00","21.86","lacks","22.51","SPEAKER_00","22.2","natural","25.06","SPEAKER_00","25.06","daylight","25.56","SPEAKER_00","25.19","walls","25.86","SPEAKER_00","25.69","into","26.38","SPEAKER_00","26.01","beautiful","26.68","SPEAKER_00","26.45","looking","27.2","SPEAKER_00","26.82","windows","27.52","SPEAKER_00","27.43","one","27.58","SPEAKER_00","27.56","of","27.69","SPEAKER_00","27.62","the","27.92","SPEAKER_00","27.75","most","28.71","SPEAKER_00","28.02","remarkable","29.26","SPEAKER_00","28.82","features","29.53","SPEAKER_00","29.43","of","29.66","SPEAKER_00","29.62","the","30.14","SPEAKER_00","29.74","sunroof","30.37","SPEAKER_00","30.31","is","30.63","SPEAKER_00","30.46","that","30.84","SPEAKER_00","30.77","it","31.51","SPEAKER_00","31.02","changes","31.65","SPEAKER_00","31.57","its","32.05","SPEAKER_00","31.76","colors","32.18","SPEAKER_00","32.12","and","32.66","SPEAKER_00","32.22","brightness","32.96","SPEAKER_00","32.81","just","33.21","SPEAKER_00","33.04","like","33.29","SPEAKER_00","33.25","the","33.48","SPEAKER_00","33.38","day","33.98","SPEAKER_00","33.57","outside","34.83","SPEAKER_00","34.11","automatically","35.06","SPEAKER_00","34.93","from","35.62","SPEAKER_00","35.18","morning","35.94","SPEAKER_00","35.77","very","36.27","SPEAKER_00","36.06","warm","36.44","SPEAKER_00","36.34","and","36.67","SPEAKER_00","36.53","dim","36.9","SPEAKER_00","36.86","to","37.6","SPEAKER_00","37.14","afternoon","37.87","SPEAKER_00","37.68","gets","38.37","SPEAKER_00","37.98","brighter","38.5","SPEAKER_00","38.44","and","38.92","SPEAKER_00","38.56","wider","39.28","SPEAKER_00","39.13","and","39.78","SPEAKER_00","39.49","evening","40.03","SPEAKER_00","39.84","again","40.18","SPEAKER_00","40.12","it","40.47","SPEAKER_00","40.29","dims","40.79","SPEAKER_00","40.58","down","41","SPEAKER_00","40.96","we","41.29","SPEAKER_00","41.12","use","41.63","SPEAKER_00","41.42","many","42.05","SPEAKER_00","41.73","different","42.39","SPEAKER_00","42.13","layers","42.51","SPEAKER_00","42.45","of","43.08","SPEAKER_00","42.7","optics","43.69","SPEAKER_00","43.16","diffusers","44.17","SPEAKER_00","43.79","lenses","44.3","SPEAKER_00","44.23","to","44.61","SPEAKER_00","44.42","make","44.72","SPEAKER_00","44.65","it","44.95","SPEAKER_00","44.78","feel","45.18","SPEAKER_00","45.01","like","45.37","SPEAKER_00","45.24","you're","46","SPEAKER_00","45.62","actually","46.4","SPEAKER_00","46.1","looking","46.69","SPEAKER_00","46.56","at","46.77","SPEAKER_00","46.77","a","47.11","SPEAKER_00","46.88","real","47.61","SPEAKER_00","47.26","sky","48.22","SPEAKER_00","47.8","sunroof","48.43","SPEAKER_00","48.35","is","48.56","SPEAKER_00","48.5","the","49.19","SPEAKER_00","48.71","future","49.44","SPEAKER_00","49.36","of","49.88","SPEAKER_00","49.61","indoor","50.32","SPEAKER_00","49.97","lighting","50.53","SPEAKER_00","50.45","and","50.66","SPEAKER_00","50.6","we","50.79","SPEAKER_00","50.7","are","51.18","SPEAKER_00","50.89","bringing","51.25","SPEAKER_00","51.25","a","51.9","SPEAKER_00","51.39","revolution","51.9","SPEAKER_00","51.9","in","51.9","SPEAKER_00","51.9","this","51.9","SPEAKER_00","51.9","industry",,,,,,,,,,,,,,,,,,,,,,,,,,,,,,,,,,,,,,,,,,,,,,,,,,,,,,,,,,,,,,,,,,,,,,,,,,,,,,,,,,,,,,,,,,,,,,,,,,,,,,,,,,,,,,,,,,,,,,,,,,,,,,,,,,,,,,,,,,,,,,,,,,,,,,,,,,,,,,,,,,,,,,,,,,,,,,,,,,,,,,,,,,,,,,,,,,,,,,,,,,,,,,,,,,,,,,,,,,,,,,,,,,,,,,,,,,,,,,,,,,,,,,,,,,,,,,,,,,,,,,,,,,,,,,,,,,,,,,,,,,,,,,,,,,,,,,,,,,,,,,,,,,,,,"https://scontent-cph2-1.cdninstagram.com/v/t51.82787-15/610875302_18031030034770005_6871768853131658187_n.jpg?stp=dst-jpg_e15_s640x640_tt6&_nc_cat=102&ig_cache_key=Mzc2NTcwNDcyMDUzNTU5NzE0MDE4MDMxMDMwMDI4NzcwMDA1.3-ccb7-5&ccb=7-5&_nc_sid=58cdad&efg=eyJ2ZW5jb2RlX3RhZyI6IkNMSVBTLnhwaWRzLjcyMC5zZHIudmlkZW9fZGVmYXVsdF9jb3Zlcl9mcmFtZS5DMyJ9&_nc_ohc=A6G7CZIPuuYQ7kNvwFQGoWf&_nc_oc=AdrVUVlezfD6EAY6Q6eO-0W7WWLnoBPkQ6PD0ZBnJe17lIppEUIZdAqw5ssqeciVtto&_nc_ad=z-m&_nc_cid=0&_nc_zt=23&_nc_ht=scontent-cph2-1.cdninstagram.com&_nc_gid=3tDTXdsSmqffHwlsPnHh8w&_nc_ss=7a3ba&oh=00_Af_mkNn5IrP-5WdH_77A17mp6xAUjtkCQGYwQhB4nrOKWA&oe=6A2C6110","https://www.instagram.com/reel/DRCeH3kiTBU","Experience sunlight, even without windows or an open roof. SUNROOOF fills your space with daylight anytime you want.

📱 DM us to learn more
📞 Call us: +91 9811773388
🌐 Visit www.sunrooof.com for details
📍 Experience SUNROOOF at our Delhi, Mumbai and Mohali showroom

#sunrooof #sunroooflighting #officeinteriors #innovativetech #wellnesslighting #homeinteriors","#sunrooof, #sunroooflighting, #officeinteriors, #innovativetech, #wellnesslighting, #homeinteriors","sunrooof_","SUNROOOF | Bringing Sun Indoors","72228","1405839","1405839","1492","45326","55.77","2025-11-14T13:30:00.000Z","DRCeH3kiTBU","sunrooof_","Original audio","true","","","Experience sunlight, even without windows or an open roof. SUNROOOF fills your space with daylight anytime you want.

📱 DM us to learn more
📞 Call us: +91 9811773388
🌐 Visit www.sunrooof.com for details
📍 Experience SUNROOOF at our Delhi, Mumbai and Mohali showroom

#sunrooof #sunroooflighting #officeinteriors #innovativetech #wellnesslighting #homeinteriors","3765704720535597140","clips","clips",,"true","false","1920","1080","2026-06-08T11:40:51.219Z","success",,,"https://scontent-cph2-1.cdninstagram.com/o1/v/t2/f2/m86/AQP2AtqmzYGixX7a9lA4aTJIf3nI172cCE2rt3C6jH10SLX3eHL0BLT7_EEeLdozluQBB7m04Z4Ge5NDPlcR0Uy3V3KJE_OKHggdP8Q.mp4?_nc_cat=111&_nc_sid=5e9851&_nc_ht=scontent-cph2-1.cdninstagram.com&_nc_ohc=8_3xFMI4TWUQ7kNvwHJSmx1&efg=eyJ2ZW5jb2RlX3RhZyI6Inhwdl9wcm9ncmVzc2l2ZS5JTlNUQUdSQU0uQ0xJUFMuQzMuNzIwLmRhc2hfYmFzZWxpbmVfMV92MSIsInhwdl9hc3NldF9pZCI6MTIxMzM2NzEyNzI3MTE2MCwiYXNzZXRfYWdlX2RheXMiOjIwNSwidmlfdXNlY2FzZV9pZCI6MTAwOTksImR1cmF0aW9uX3MiOjU1LCJ1cmxnZW5fc291cmNlIjoid3d3In0%3D&ccb=17-1&vs=272e89a612da3ed3&_nc_vs=HBksFQIYUmlnX3hwdl9yZWVsc19wZXJtYW5lbnRfc3JfcHJvZC9GRjRBOTVGNUZBRkM4QUUyNUMxQjEyNjg0MkRBNDA4Nl92aWRlb19kYXNoaW5pdC5tcDQVAALIARIAFQIYRWlnX3hwdl9yZWVsc19wZXJtYW5lbnRfc3JfcHJvZC82OTM1MzI3MzY3ODA0MzVfNzM1MDcxNTY4ODUwOTk1NjUwLm1wNBUCAsgBEgAoABgAGwKIB3VzZV9vaWwBMRJwcm9ncmVzc2l2ZV9yZWNpcGUBMRUAACbwm9PJoeOnBBUCKAJDMywXQEvmZmZmZmYYEmRhc2hfYmFzZWxpbmVfMV92MREAdf4HZeadAQA&_nc_gid=3tDTXdsSmqffHwlsPnHh8w&_nc_zt=28&_nc_ss=7a3ba&oh=00_Af8VTb9NUdyIjwBAWgSTz0z5qoyLFr1XV2FPCqfYCHDEdw&oe=6A289DDC","https://www.instagram.com/reel/DKKLqyKzjGS/","https://www.instagram.com/reel/DF9LermznhF/","https://www.instagram.com/reel/DRPhpoAjG8v/","https://www.instagram.com/reel/DRCeH3kiTBU/","https://www.instagram.com/reel/DESrEAfpqc7/","false","https://www.instagram.com/p/DS46KJNjva9/","10","true"
"Three new business ideas are going to crush in 2025. The biggest business opportunity is for someone to start owning the whole marketing funnel for brands and businesses, which means you are coming up with the messaging, the landing pages, and how you're selling and what are you selling in full. Not only that, there's actually layers to it that you are doing stuff for free, warming an audience up, and then finally going ahead and selling to people the thing you want to sell to them. Second is AI automation. You can so easily go into an old school business with the new tools and help them save money, save time, become more efficient. And it's such an easy way for you to start making money and start a new business in 2025. I myself pay AI automation experts to help us save money at Gemflow. Number three is becoming a business operator. What I mean by that is by becoming the people, the team behind the scenes operating businesses in partnership with other brands or for people online. Essentially what I do at Junkflow, I still believe it's one of the biggest opportunities because people are building their audience, they're growing fast and they need business people behind the scenes helping them make sure everything happens big. What business are you going to start in 2025?","en","5.17","SPEAKER_00","0.02","Three new business ideas are going to crush in 2025. The biggest business opportunity is for someone","10.35","SPEAKER_00","5.21","to start owning the whole marketing funnel for brands and businesses, which means you are coming up","15.79","SPEAKER_00","10.39","with the messaging, the landing pages, and how you're selling and what are you selling in full.","19.93","SPEAKER_00","16.36","Not only that, there's actually layers to it that you are doing stuff for free,","24.04","SPEAKER_00","20.27","warming an audience up, and then finally going ahead and selling to people the thing","28.22","SPEAKER_00","24.04","you want to sell to them. Second is AI automation. You can so easily go into an old school business","32.23","SPEAKER_00","28.43","with the new tools and help them save money, save time, become more efficient.","37.5","SPEAKER_00","32.38","And it's such an easy way for you to start making money and start a new business in 2025.","42.87","SPEAKER_00","37.67","I myself pay AI automation experts to help us save money at Gemflow. Number three is becoming","48.14","SPEAKER_00","42.91","a business operator. What I mean by that is by becoming the people, the team behind the scenes","52.95","SPEAKER_00","48.29","operating businesses in partnership with other brands or for people online.","56.61","SPEAKER_00","53.04","Essentially what I do at Junkflow, I still believe it's one of the biggest opportunities","61.71","SPEAKER_00","56.65","because people are building their audience, they're growing fast and they need business people","62.53","SPEAKER_00","61.77","behind the scenes","66.44","SPEAKER_00","62.67","helping them make sure everything happens big. What business are you going to start in 2025?","0.21","SPEAKER_00","0.02","Three","0.38","SPEAKER_00","0.29","new","0.69","SPEAKER_00","0.46","business","1.11","SPEAKER_00","0.84","ideas","1.24","SPEAKER_00","1.2","are","1.39","SPEAKER_00","1.28","going","1.47","SPEAKER_00","1.45","to","1.81","SPEAKER_00","1.51","crush","1.97","SPEAKER_00","1.93","in","3.04","SPEAKER_00","2","2025.","3.13","SPEAKER_00","3.09","The","3.53","SPEAKER_00","3.23","biggest","3.86","SPEAKER_00","3.57","business","4.39","SPEAKER_00","3.91","opportunity","4.62","SPEAKER_00","4.51","is","4.75","SPEAKER_00","4.68","for","5.17","SPEAKER_00","4.87","someone","5.25","SPEAKER_00","5.21","to","5.54","SPEAKER_00","5.33","start","5.9","SPEAKER_00","5.67","owning","6.01","SPEAKER_00","5.96","the","6.43","SPEAKER_00","6.17","whole","6.89","SPEAKER_00","6.49","marketing","7.27","SPEAKER_00","6.97","funnel","7.71","SPEAKER_00","7.52","for","8.21","SPEAKER_00","7.79","brands","8.38","SPEAKER_00","8.29","and","8.97","SPEAKER_00","8.44","businesses,","9.39","SPEAKER_00","9.24","which","9.81","SPEAKER_00","9.47","means","9.91","SPEAKER_00","9.87","you","10.04","SPEAKER_00","9.97","are","10.27","SPEAKER_00","10.08","coming","10.35","SPEAKER_00","10.31","up","10.46","SPEAKER_00","10.39","with","10.54","SPEAKER_00","10.5","the","11","SPEAKER_00","10.58","messaging,","11.38","SPEAKER_00","11.34","the","11.76","SPEAKER_00","11.47","landing","12.22","SPEAKER_00","11.8","pages,","12.71","SPEAKER_00","12.62","and","13.19","SPEAKER_00","13.02","how","13.38","SPEAKER_00","13.25","you're","13.69","SPEAKER_00","13.42","selling","13.84","SPEAKER_00","13.78","and","14.09","SPEAKER_00","13.94","what","14.2","SPEAKER_00","14.15","are","14.3","SPEAKER_00","14.26","you","14.74","SPEAKER_00","14.41","selling","15.31","SPEAKER_00","15.2","in","15.79","SPEAKER_00","15.58","full.","16.48","SPEAKER_00","16.36","Not","16.65","SPEAKER_00","16.53","only","16.82","SPEAKER_00","16.72","that,","17.01","SPEAKER_00","16.86","there's","17.22","SPEAKER_00","17.05","actually","17.64","SPEAKER_00","17.35","layers","17.81","SPEAKER_00","17.75","to","18.02","SPEAKER_00","17.93","it","18.27","SPEAKER_00","18.12","that","18.67","SPEAKER_00","18.61","you","18.86","SPEAKER_00","18.75","are","19.17","SPEAKER_00","18.94","doing","19.4","SPEAKER_00","19.26","stuff","19.55","SPEAKER_00","19.47","for","19.93","SPEAKER_00","19.68","free,","20.58","SPEAKER_00","20.27","warming","20.68","SPEAKER_00","20.64","an","21.11","SPEAKER_00","20.77","audience","21.29","SPEAKER_00","21.19","up,","21.57","SPEAKER_00","21.5","and","21.71","SPEAKER_00","21.61","then","22.09","SPEAKER_00","21.82","finally","22.34","SPEAKER_00","22.16","going","22.57","SPEAKER_00","22.39","ahead","22.79","SPEAKER_00","22.7","and","23.12","SPEAKER_00","22.87","selling","23.2","SPEAKER_00","23.16","to","23.56","SPEAKER_00","23.27","people","23.77","SPEAKER_00","23.73","the","24.04","SPEAKER_00","23.88","thing","24.04","SPEAKER_00","24.04","you","24.04","SPEAKER_00","24.04","want","24.04","SPEAKER_00","24.04","to","24.04","SPEAKER_00","24.04","sell","24.04","SPEAKER_00","24.04","to","24.04","SPEAKER_00","24.04","them.","24.46","SPEAKER_00","24.23","Second","24.54","SPEAKER_00","24.5","is","24.9","SPEAKER_00","24.67","AI","25.57","SPEAKER_00","25.03","automation.","25.8","SPEAKER_00","25.72","You","25.95","SPEAKER_00","25.85","can","26.14","SPEAKER_00","26.08","so","26.58","SPEAKER_00","26.31","easily","26.79","SPEAKER_00","26.73","go","27.11","SPEAKER_00","26.94","into","27.23","SPEAKER_00","27.19","an","27.46","SPEAKER_00","27.34","old","27.71","SPEAKER_00","27.53","school","28.22","SPEAKER_00","27.78","business","28.53","SPEAKER_00","28.43","with","28.62","SPEAKER_00","28.58","the","28.81","SPEAKER_00","28.7","new","29.39","SPEAKER_00","28.91","tools","29.52","SPEAKER_00","29.44","and","29.79","SPEAKER_00","29.61","help","30.02","SPEAKER_00","29.9","them","30.38","SPEAKER_00","30.15","save","30.59","SPEAKER_00","30.45","money,","30.93","SPEAKER_00","30.72","save","31.2","SPEAKER_00","30.99","time,","31.47","SPEAKER_00","31.24","become","31.64","SPEAKER_00","31.52","more","32.23","SPEAKER_00","31.68","efficient.","32.44","SPEAKER_00","32.38","And","32.57","SPEAKER_00","32.5","it's","32.9","SPEAKER_00","32.71","such","33.03","SPEAKER_00","32.99","an","33.49","SPEAKER_00","33.26","easy","33.83","SPEAKER_00","33.62","way","34.25","SPEAKER_00","34.18","for","34.33","SPEAKER_00","34.29","you","34.41","SPEAKER_00","34.39","to","34.71","SPEAKER_00","34.5","start","35","SPEAKER_00","34.75","making","35.21","SPEAKER_00","35.06","money","35.38","SPEAKER_00","35.32","and","35.61","SPEAKER_00","35.42","start","35.67","SPEAKER_00","35.67","a","35.84","SPEAKER_00","35.76","new","36.18","SPEAKER_00","35.91","business","36.28","SPEAKER_00","36.24","in","37.5","SPEAKER_00","36.3","2025.","37.67","SPEAKER_00","37.67","I","38.36","SPEAKER_00","37.73","myself","38.78","SPEAKER_00","38.51","pay","39.29","SPEAKER_00","39.08","AI","39.85","SPEAKER_00","39.41","automation","40.4","SPEAKER_00","39.94","experts","40.52","SPEAKER_00","40.48","to","40.8","SPEAKER_00","40.61","help","41.11","SPEAKER_00","40.97","us","41.76","SPEAKER_00","41.55","save","41.8","SPEAKER_00","41.8","money","41.8","SPEAKER_00","41.8","at","41.8","SPEAKER_00","41.8","Gemflow.","42.09","SPEAKER_00","41.91","Number","42.37","SPEAKER_00","42.18","three","42.49","SPEAKER_00","42.45","is","42.87","SPEAKER_00","42.56","becoming","42.91","SPEAKER_00","42.91","a","43.46","SPEAKER_00","43.04","business","44.15","SPEAKER_00","43.63","operator.","44.43","SPEAKER_00","44.36","What","44.51","SPEAKER_00","44.51","I","44.66","SPEAKER_00","44.55","mean","44.8","SPEAKER_00","44.72","by","45.01","SPEAKER_00","44.85","that","45.18","SPEAKER_00","45.14","is","45.33","SPEAKER_00","45.24","by","45.9","SPEAKER_00","45.41","becoming","46.06","SPEAKER_00","46","the","46.67","SPEAKER_00","46.29","people,","46.82","SPEAKER_00","46.76","the","47.18","SPEAKER_00","46.92","team","47.64","SPEAKER_00","47.26","behind","47.74","SPEAKER_00","47.68","the","48.14","SPEAKER_00","47.83","scenes","48.75","SPEAKER_00","48.29","operating","49.38","SPEAKER_00","48.84","businesses","49.93","SPEAKER_00","49.89","in","50.54","SPEAKER_00","50.03","partnership","50.73","SPEAKER_00","50.62","with","50.96","SPEAKER_00","50.83","other","51.42","SPEAKER_00","51.02","brands","51.75","SPEAKER_00","51.65","or","51.99","SPEAKER_00","51.88","for","52.34","SPEAKER_00","52.05","people","52.95","SPEAKER_00","52.49","online.","53.39","SPEAKER_00","53.04","Essentially","53.56","SPEAKER_00","53.46","what","53.67","SPEAKER_00","53.67","I","53.77","SPEAKER_00","53.73","do","53.96","SPEAKER_00","53.88","at","54.44","SPEAKER_00","54.02","Junkflow,","54.65","SPEAKER_00","54.65","I","54.93","SPEAKER_00","54.72","still","55.22","SPEAKER_00","54.99","believe","55.32","SPEAKER_00","55.26","it's","55.41","SPEAKER_00","55.37","one","55.49","SPEAKER_00","55.45","of","55.62","SPEAKER_00","55.53","the","56","SPEAKER_00","55.79","biggest","56.61","SPEAKER_00","56.08","opportunities","56.79","SPEAKER_00","56.65","because","57.05","SPEAKER_00","56.84","people","57.15","SPEAKER_00","57.09","are","57.45","SPEAKER_00","57.19","building","57.57","SPEAKER_00","57.49","their","58.16","SPEAKER_00","57.74","audience,","58.58","SPEAKER_00","58.45","they're","58.85","SPEAKER_00","58.62","growing","59.31","SPEAKER_00","58.94","fast","59.8","SPEAKER_00","59.73","and","59.94","SPEAKER_00","59.86","they","60.39","SPEAKER_00","60.07","need","61.27","SPEAKER_00","60.87","business","61.71","SPEAKER_00","61.37","people","62.04","SPEAKER_00","61.77","behind","62.15","SPEAKER_00","62.09","the","62.53","SPEAKER_00","62.21","scenes","63.01","SPEAKER_00","62.67","helping","63.2","SPEAKER_00","63.05","them","63.77","SPEAKER_00","63.6","make","63.96","SPEAKER_00","63.81","sure","64.4","SPEAKER_00","64.02","everything","64.84","SPEAKER_00","64.5","happens","65.11","SPEAKER_00","64.92","big.","65.66","SPEAKER_00","65.57","What","65.95","SPEAKER_00","65.7","business","66.06","SPEAKER_00","66.01","are","66.14","SPEAKER_00","66.1","you","66.31","SPEAKER_00","66.2","going","66.37","SPEAKER_00","66.35","to","66.44","SPEAKER_00","66.41","start","66.44","SPEAKER_00","66.44","in","66.44","SPEAKER_00","66.44","2025?","https://scontent-cph2-1.cdninstagram.com/v/t51.71878-15/502949847_3251983118276252_3859767312377915462_n.jpg?stp=dst-jpg_e15_s640x640_tt6&_nc_cat=100&ig_cache_key=MzUzNjA3ODA0ODg0ODE2MDU3MQ%3D%3D.3-ccb7-5&ccb=7-5&_nc_sid=58cdad&efg=eyJ2ZW5jb2RlX3RhZyI6IkNMSVBTLnhwaWRzLjEwODAuc2RyLnZpZGVvX2RlZmF1bHRfY292ZXJfZnJhbWUuQzMifQ%3D%3D&_nc_ohc=LU3CrgTSqpMQ7kNvwHD2mx5&_nc_oc=Ado01PDpxMR1QMzaADbldy01o5tGN__aDa9nPYBHz1wfY_eJQkjF9hUwySSQjJ04phXufKuBwCSs7wLXH0qznjeb&_nc_ad=z-m&_nc_cid=0&_nc_zt=23&_nc_ht=scontent-cph2-1.cdninstagram.com&_nc_gid=mn2Zjk8lrMhq2FRSHon1ng&_nc_ss=7a3ba&oh=00_Af8kmye_YwhNeCrKq6YV8wJ9Vf2SsU0B9EJjOQ028EDxOQ&oe=6A2C90CA","https://www.instagram.com/reel/DESrEAfpqc7","What's the best business to start in 2025?","","shanhanif","Shan Hanif","930","31975","31975","30","83","66.58","2025-01-01T17:43:51.000Z","DESrEAfpqc7","shanhanif","Original audio","true","","","What's the best business to start in 2025?","3536078048848160571","clips","clips",,"true","true","1920","1080","2026-06-08T11:41:18.341Z","success",,,"https://scontent-cph2-1.cdninstagram.com/o1/v/t2/f2/m367/AQMcs4wrEoVlYLzFaJ4c7r7yQlelDUkl3_69fW_R32H5heCvSO1NQnKu2yI7RZpzA_xQB6YhDsymg0PCKuIQ3Vx4Fp1IU2xu9sb93Tk.mp4?_nc_cat=101&_nc_sid=5e9851&_nc_ht=scontent-cph2-1.cdninstagram.com&_nc_ohc=7xugL3gZ9xYQ7kNvwHixcin&efg=eyJ2ZW5jb2RlX3RhZyI6Inhwdl9wcm9ncmVzc2l2ZS5JTlNUQUdSQU0uQ0xJUFMuQzMuNzIwLmRhc2hfYmFzZWxpbmVfMV92MSIsInhwdl9hc3NldF9pZCI6MzEwMDc1MTk2MDA2NjAzNiwiYXNzZXRfYWdlX2RheXMiOjUyMiwidmlfdXNlY2FzZV9pZCI6MTAwOTksImR1cmF0aW9uX3MiOjY2LCJ1cmxnZW5fc291cmNlIjoid3d3In0%3D&ccb=17-1&vs=f8100b06444b4a4f&_nc_vs=HBksFQIYQGlnX2VwaGVtZXJhbC8yMzQzNjAwRjc3QTA4MTE5MUZDNzY3MTU3RUJDMDQ5Rl92aWRlb19kYXNoaW5pdC5tcDQVAALIARIAFQIYRmlnX3hwdl9yZWVsc19wZXJtYW5lbnRfc3JfcHJvZC82MTU1NjY1Njc1ODg0NjBfNzY0ODY0MDg3NDAwNDIxMDk1OS5tcDQVAgLIARIAKAAYABsCiAd1c2Vfb2lsATEScHJvZ3Jlc3NpdmVfcmVjaXBlATEVAAAm6J_uscKHggsVAigCQzMsF0BQpDlYEGJOGBJkYXNoX2Jhc2VsaW5lXzFfdjERAHX-B2XmnQEA&_nc_gid=mn2Zjk8lrMhq2FRSHon1ng&_nc_zt=28&_nc_ss=7a3ba&oh=00_Af-WO2KTzHrLnC9aDV_Sxs_keTMd-SGaEWlY54fTOwgjUg&oe=6A2C964E","https://www.instagram.com/reel/DKKLqyKzjGS/","https://www.instagram.com/reel/DF9LermznhF/","https://www.instagram.com/reel/DRPhpoAjG8v/","https://www.instagram.com/reel/DRCeH3kiTBU/","https://www.instagram.com/reel/DESrEAfpqc7/","false","https://www.instagram.com/p/DS46KJNjva9/","10","true"
